bidNtceNo,ntceInsttNm,bidNtceNm,presmptPrce,bidNtceDt,link
20240625464,환경부 국립생물자원관,국립생물자원관 생생채움 중앙홀 디자인 설계 및 제작.설치,681818182,2024-07-01 10:56:27,http://www.g2b.go.kr:8081/ep/invitation/publish/bidInfoDtl.do?bidno=20240625464
20240632300,전라남도 보성군,보성 근린생활형 체육관 건립사업 건축설계공모 공고,145181818,2024-07-01 13:10:01,http://www.g2b.go.kr:8081/ep/invitation/publish/bidInfoDtl.do?bidno=20240632300
20240633420,부산광역시 강서구,건설공사 안전점검 수행기관 지정(변경)(EDC단독7블록 25-1로트),4000000,2024-07-01 12:56:35,http://www.g2b.go.kr:8081/ep/invitation/publish/bidInfoDtl.do?bidno=20240633420
20240637487,경상북도 경주시,경주시 환경교육센터 조성사업 건축설계 용역(제안공모),362910000,2024-07-01 14:36:27,http://www.g2b.go.kr:8081/ep/invitation/publish/bidInfoDtl.do?bidno=20240637487
20240637147,충청북도,고암천 하천기본계획(재수립) 및 하천시설관리대장 작성용역,263136364,2024-07-01 15:56:59,http://www.g2b.go.kr:8081/ep/invitation/publish/bidInfoDtl.do?bidno=20240637147
20240637144,충청북도,예곡천 하천기본계획(재수립) 및 하천시설관리대장 작성용역,331554545,2024-07-01 15:54:02,http://www.g2b.go.kr:8081/ep/invitation/publish/bidInfoDtl.do?bidno=20240637144
20240638209,울산광역시 남구,남구 복합체육시설 조성사업 전략환경영향평가 용역,35636363,2024-07-01 11:20:55,http://www.g2b.go.kr:8081/ep/invitation/publish/bidInfoDtl.do?bidno=20240638209
20240639288,부산광역시교육청 부산광역시남부교육지원청,"문현여자고등학교 등 4교(성지초, 양동초, 연지초) 소방펌프교체 및 기타공사 설계용역",8421818,2024-07-01 11:46:41,http://www.g2b.go.kr:8081/ep/invitation/publish/bidInfoDtl.do?bidno=20240639288
20240636631,경상남도 농업기술원,양파 종자 채종기반 구축공사 실시설계 용역,59069091,2024-07-01 07:42:41,http://www.g2b.go.kr:8081/ep/invitation/publish/bidInfoDtl.do?bidno=20240636631
20240639143,한국부동산원,건축물관리계획 작성서식 간소화 방안 마련 학술연구 용역,27272727,2024-07-01 08:42:57,http://www.g2b.go.kr:8081/ep/invitation/publish/bidInfoDtl.do?bidno=20240639143
20240634262,부산광역시교육청 대양고등학교,대양고등학교 다목적강당 증축 및 장애인승강기 설치공사 건축설계용역 전자입찰 공고,233230000,2024-07-01 08:46:35,http://www.g2b.go.kr:8081/ep/invitation/publish/bidInfoDtl.do?bidno=20240634262
20240634262,부산광역시교육청 대양고등학교,대양고등학교 다목적강당 증축 및 장애인승강기 설치공사 건축설계용역 전자입찰 공고,233230000,2024-07-01 09:31:09,http://www.g2b.go.kr:8081/ep/invitation/publish/bidInfoDtl.do?bidno=20240634262
20240639202,한국부동산원,건축물관리계획 활용성 제고 방안 마련 학술연구 용역,36363636,2024-07-01 08:47:21,http://www.g2b.go.kr:8081/ep/invitation/publish/bidInfoDtl.do?bidno=20240639202
20240637094,국방기술진흥연구소,국방 개발성과물 관리 플랫폼 정보화전략계획(ISP),149372727,2024-07-01 08:48:52,http://www.g2b.go.kr:8081/ep/invitation/publish/bidInfoDtl.do?bidno=20240637094
20240636227,전라남도교육청,2024. 전남 학생인권 실태조사 연구용역,63615000,2024-07-01 08:54:31,http://www.g2b.go.kr:8081/ep/invitation/publish/bidInfoDtl.do?bidno=20240636227
20240700029,경상북도,국도 31호 영양터널 외 1개소 2종성능평가 기술용역,83636364,2024-07-01 08:57:35,http://www.g2b.go.kr:8081/ep/invitation/publish/bidInfoDtl.do?bidno=20240700029
20240700029,경상북도,국도 31호 영양터널 외 1개소 2종성능평가 기술용역,83636364,2024-07-01 08:58:17,http://www.g2b.go.kr:8081/ep/invitation/publish/bidInfoDtl.do?bidno=20240700029
20240639588,경상북도 울릉군,울릉군 환경기초시설 가연성폐기물 위탁처리용역(2차),226470000,2024-07-01 09:00:49,http://www.g2b.go.kr:8081/ep/invitation/publish/bidInfoDtl.do?bidno=20240639588
20240700038,경상북도,국도 34호 대평교 정밀안전진단 및 성능평가 기술용역,87272727,2024-07-01 09:03:38,http://www.g2b.go.kr:8081/ep/invitation/publish/bidInfoDtl.do?bidno=20240700038
20240638547,경상남도교육청 양산제일고등학교,양산제일고 천장교체공사 및 다목적강당 전면보수공사 설계용역 수의계약 안내공고,22937273,2024-07-01 09:05:09,http://www.g2b.go.kr:8081/ep/invitation/publish/bidInfoDtl.do?bidno=20240638547
20240638547,경상남도교육청 양산제일고등학교,양산제일고 천장교체공사 및 다목적강당 전면보수공사 설계용역 수의계약 안내공고,22937273,2024-07-01 10:05:05,http://www.g2b.go.kr:8081/ep/invitation/publish/bidInfoDtl.do?bidno=20240638547
20240700056,전북특별자치도 정읍시 농업기술센터,"2024년 주산지 GAP(토양, 용수) 안전성 분석 지원사업 용역",55010909,2024-07-01 09:16:52,http://www.g2b.go.kr:8081/ep/invitation/publish/bidInfoDtl.do?bidno=20240700056
2024-02-000313,국가철도공단,월곶~판교 복선전철 전력설비 실시설계 용역,2012972727,2024-07-01 09:17:44,http://www.g2b.go.kr:8081/ep/invitation/publish/bidInfoDtl.do?bidno=2024-02-000313
20240639518,행정중심복합도시건설청,과학문화센터 건립 지반조사용역,18181818,2024-07-01 09:27:01,http://www.g2b.go.kr:8081/ep/invitation/publish/bidInfoDtl.do?bidno=20240639518
20240637849,대구의료원,대구의료원 본관 기계설비 성능점검 용역 소액수의 전자견적 제출,36200000,2024-07-01 09:28:23,http://www.g2b.go.kr:8081/ep/invitation/publish/bidInfoDtl.do?bidno=20240637849
20240700078,서울특별시 서울대공원,서울대공원 제3아프리카관 환경개선공사 설계용역,29110000,2024-07-01 09:31:03,http://www.g2b.go.kr:8081/ep/invitation/publish/bidInfoDtl.do?bidno=20240700078
20240700087,서울주택도시공사,"2024년 임대아파트 개별가스보일러 제작설치(1,2권역) 부분 감독권한대행 등 건설사업관리용역",162360000,2024-07-01 09:39:01,http://www.g2b.go.kr:8081/ep/invitation/publish/bidInfoDtl.do?bidno=20240700087
20240700092,한국전통문화대학교산학협력단,이집트 룩소르 라메세움 신전 탑문  정비·활용 계획 설계용역,90909091,2024-07-01 09:39:28,http://www.g2b.go.kr:8081/ep/invitation/publish/bidInfoDtl.do?bidno=20240700092
20240700098,한국고용정보원,2024년 대학일자리플러스센터 정책 체감도 및 필요도 조사,83636364,2024-07-01 09:43:12,http://www.g2b.go.kr:8081/ep/invitation/publish/bidInfoDtl.do?bidno=20240700098
20240700103,서울주택도시공사,"2024년 임대아파트 개별가스보일러 제작설치(3,4권역) 부분 감독권한대행 등 건설사업관리용역",159200000,2024-07-01 09:44:07,http://www.g2b.go.kr:8081/ep/invitation/publish/bidInfoDtl.do?bidno=20240700103
20240700057,대구광역시교육청,대구소프트웨어마이스터고등학교 급식시설 이전 및 기타공사 설계용역,24965455,2024-07-01 09:44:51,http://www.g2b.go.kr:8081/ep/invitation/publish/bidInfoDtl.do?bidno=20240700057
20240700150,충청남도 서산시 농업기술센터,서산시 제2기 지역먹거리계획 수립 연구용역(협상에 의한 계약),45454545,2024-07-01 10:05:53,http://www.g2b.go.kr:8081/ep/invitation/publish/bidInfoDtl.do?bidno=20240700150
20240637075,충청북도교육청 충청북도옥천교육지원청,옥천고 명덕관 리모델링 및 기타 전기 및 기계설비공사 설계용역 수의견적 제출 안내 공고,18791818,2024-07-01 10:12:34,http://www.g2b.go.kr:8081/ep/invitation/publish/bidInfoDtl.do?bidno=20240637075
20240700183,경상남도교육청 양산제일고등학교,양산제일고 천장교체공사 및 다목적강당 전면보수공사 설계용역 수의계약 안내공고,22937273,2024-07-01 10:16:04,http://www.g2b.go.kr:8081/ep/invitation/publish/bidInfoDtl.do?bidno=20240700183
20240700157,국토교통부,GB 관리·활용 등을 위한 조경수 거래가격 조사공표 방안 연구,72727273,2024-07-01 10:16:33,http://www.g2b.go.kr:8081/ep/invitation/publish/bidInfoDtl.do?bidno=20240700157
20240700202,재단법인경기도일자리재단,2024년 경기도일자리재단 재물조사 실사 용역,54896873,2024-07-01 10:23:13,http://www.g2b.go.kr:8081/ep/invitation/publish/bidInfoDtl.do?bidno=20240700202
20240700207,질병관리청,"[정책,183] 생활지원제도 평가 및 격리순응도 제고를 위한 제도개선방안 도출연구",36363636,2024-07-01 10:24:50,http://www.g2b.go.kr:8081/ep/invitation/publish/bidInfoDtl.do?bidno=20240700207
20240700209,부산광역시교육청 부산광역시북부교육지원청,동주중학교 옹벽보수 및 기타공사 설계용역,10818182,2024-07-01 10:25:15,http://www.g2b.go.kr:8081/ep/invitation/publish/bidInfoDtl.do?bidno=20240700209
20240700052,한국농어촌공사 충남지역본부 당진지사,삽교호 유지관리 기초조사 용역,454545455,2024-07-01 10:26:08,http://www.g2b.go.kr:8081/ep/invitation/publish/bidInfoDtl.do?bidno=20240700052
20240700217,한국농어촌공사 충남지역본부,반산지구 농촌용수이용체계재편사업 설계VE 리딩 용역,33490000,2024-07-01 10:27:54,http://www.g2b.go.kr:8081/ep/invitation/publish/bidInfoDtl.do?bidno=20240700217
20240639319,주식회사 한국티엠에스,신발제조공정부산물에 Bio-EVA 발포체를 적용한 신발 제품 시장 및 기술 기술조사,40000000,2024-07-01 10:30:34,http://www.g2b.go.kr:8081/ep/invitation/publish/bidInfoDtl.do?bidno=20240639319
20240700222,경기도장애인복지종합지원센터,누림센터 중장기 발전계획 수립 용역,44500000,2024-07-01 10:34:15,http://www.g2b.go.kr:8081/ep/invitation/publish/bidInfoDtl.do?bidno=20240700222
20240700236,한국소방시설협회,공사 분리도급 성과분석과 설계감리 분리도급 타당성 연구,54545455,2024-07-01 10:36:39,http://www.g2b.go.kr:8081/ep/invitation/publish/bidInfoDtl.do?bidno=20240700236
20240700245,한국농어촌공사 농어촌연구원,지하수 함양사업 사후 타당성 분석 연구,40909091,2024-07-01 10:38:06,http://www.g2b.go.kr:8081/ep/invitation/publish/bidInfoDtl.do?bidno=20240700245
20240700248,재단법인수원문화재단,수원시 계획공모형 지역관광개발사업 모니터링 운영 용역,45454545,2024-07-01 10:41:24,http://www.g2b.go.kr:8081/ep/invitation/publish/bidInfoDtl.do?bidno=20240700248
20240700262,경상남도 양산시 웅상출장소,회야강 빛-line 및 교량하부 문화역사공간 조성공사 실시설계용역,90909091,2024-07-01 10:44:15,http://www.g2b.go.kr:8081/ep/invitation/publish/bidInfoDtl.do?bidno=20240700262
20240700282,재단법인전남테크노파크,전남 고흥 스마트팜 혁신밸리 홍보관 내부 설계 및 제작설치 용역,635454545,2024-07-01 10:51:59,http://www.g2b.go.kr:8081/ep/invitation/publish/bidInfoDtl.do?bidno=20240700282
20240700208,한국농어촌공사 경북지역본부 달성지사,달성군정비사업(24년) 세부설계 용역,22390909,2024-07-01 11:00:09,http://www.g2b.go.kr:8081/ep/invitation/publish/bidInfoDtl.do?bidno=20240700208
20240700011,문화체육관광부 국립국어원,2024년 인공지능의 한국어 능력 평가 경진대회 시상식 개최,37272727,2024-07-01 11:04:35,http://www.g2b.go.kr:8081/ep/invitation/publish/bidInfoDtl.do?bidno=20240700011
20240700332,경기도 화성시 공원녹지사업소,우리꽃식물원 건축 리모델링 설계공모,347590000,2024-07-01 11:11:06,http://www.g2b.go.kr:8081/ep/invitation/publish/bidInfoDtl.do?bidno=20240700332
20240700213,조달청 대전지방조달청,2024년 연구실안전주간 행사 업무대행 용역,129068182,2024-07-01 11:23:33,http://www.g2b.go.kr:8081/ep/invitation/publish/bidInfoDtl.do?bidno=20240700213
20240700369,환경부 국립생물자원관,국립생물자원관 생생채움 중앙홀 디자인 설계 및 제작.설치,663636364,2024-07-01 11:24:20,http://www.g2b.go.kr:8081/ep/invitation/publish/bidInfoDtl.do?bidno=20240700369
20240700377,(재)충남정보문화산업진흥원,2024 충청권 인디유 게임공모전 운영,33181818,2024-07-01 11:25:23,http://www.g2b.go.kr:8081/ep/invitation/publish/bidInfoDtl.do?bidno=20240700377
20240700380,경상북도 포항시,포항시 출산장려정책 사업 기본계획 연구용역,45454545,2024-07-01 11:27:18,http://www.g2b.go.kr:8081/ep/invitation/publish/bidInfoDtl.do?bidno=20240700380
20240700380,경상북도 포항시,포항시 출산장려정책 사업 기본계획 연구용역,45454545,2024-07-01 11:40:55,http://www.g2b.go.kr:8081/ep/invitation/publish/bidInfoDtl.do?bidno=20240700380
20240700387,대구광역시 북구,팔거산성 정밀발굴조사 사업 (긴급),717520000,2024-07-01 11:29:34,http://www.g2b.go.kr:8081/ep/invitation/publish/bidInfoDtl.do?bidno=20240700387
20240700300,국립한국교통대학교 산학협력단,사업장별 악취개선을 위한 원인물질 및 악취오염도 조사 용역,40000000,2024-07-01 11:31:15,http://www.g2b.go.kr:8081/ep/invitation/publish/bidInfoDtl.do?bidno=20240700300
20240700365,재단법인전남테크노파크,전라남도 데이터센터 입지 타당성 분석 연구용역,90909091,2024-07-01 11:33:05,http://www.g2b.go.kr:8081/ep/invitation/publish/bidInfoDtl.do?bidno=20240700365
20240639052,경기도교육청 한봄고등학교,2024학년도 한봄고등학교 작업환경측정 및 특수건강진단 용역 소액수의 견적 제출 공고,27436364,2024-07-01 11:35:38,http://www.g2b.go.kr:8081/ep/invitation/publish/bidInfoDtl.do?bidno=20240639052
20240700415,재단법인전남테크노파크,전남형 반도체 산업 육성 계획 수립 연구용역,54545455,2024-07-01 11:43:02,http://www.g2b.go.kr:8081/ep/invitation/publish/bidInfoDtl.do?bidno=20240700415
20240700433,경상북도 포항시,포항시 출산장려정책 사업 기본계획 연구용역,45454545,2024-07-01 11:50:52,http://www.g2b.go.kr:8081/ep/invitation/publish/bidInfoDtl.do?bidno=20240700433
20240700441,경상북도 칠곡군 농업기술센터,농촌유휴시설활용 지역활성화사업 실시설계용역 입찰공고,32363636,2024-07-01 11:58:53,http://www.g2b.go.kr:8081/ep/invitation/publish/bidInfoDtl.do?bidno=20240700441
20240700225,조달청 강원지방조달청,강원지역혁신플랫폼 3차년도 수행과제 평가 운영 용역,136363636,2024-07-01 13:01:21,http://www.g2b.go.kr:8081/ep/invitation/publish/bidInfoDtl.do?bidno=20240700225
20240700478,한국농어촌공사 경북지역본부 상주지사,상주시 도시재생뉴딜사업(청년내일플러스센터) 매장문화재 시굴조사 용역,18000000,2024-07-01 13:05:11,http://www.g2b.go.kr:8081/ep/invitation/publish/bidInfoDtl.do?bidno=20240700478
20240700479,강원특별자치도 원주시,치악산바람길숲 조성 우산철교 구간 실시설계용역,44676364,2024-07-01 13:06:43,http://www.g2b.go.kr:8081/ep/invitation/publish/bidInfoDtl.do?bidno=20240700479
20240638302,대구광역시,대구 군 공항 이전부지 조성 기초조사 용역,19646300000,2024-07-01 13:07:18,http://www.g2b.go.kr:8081/ep/invitation/publish/bidInfoDtl.do?bidno=20240638302
20240700492,충청남도 서산시,부장리 고분군 기반시설정비사업 재해영향성 검토 및 소규모재해영향평가 용역,82390000,2024-07-01 13:11:43,http://www.g2b.go.kr:8081/ep/invitation/publish/bidInfoDtl.do?bidno=20240700492
20240700501,한국원자력연구원,통합운용시스템(ICS) 요건/설계 검토 및 시험절차 개발 용역,47727273,2024-07-01 13:15:51,http://www.g2b.go.kr:8081/ep/invitation/publish/bidInfoDtl.do?bidno=20240700501
20240700504,한국농어촌공사 강원지역본부,강원 곤충산업 거점단지 조성사업 소규모환경영향평가 용역,42727273,2024-07-01 13:16:38,http://www.g2b.go.kr:8081/ep/invitation/publish/bidInfoDtl.do?bidno=20240700504
20240700504,한국농어촌공사 강원지역본부,강원 곤충산업 거점단지 조성사업 소규모환경영향평가 용역,42727273,2024-07-01 17:35:58,http://www.g2b.go.kr:8081/ep/invitation/publish/bidInfoDtl.do?bidno=20240700504
20240639103,인천시사회복지협의회,인천광역시 소재 사회복지기관 8개소 정밀안전점검 용역,35636364,2024-07-01 13:18:17,http://www.g2b.go.kr:8081/ep/invitation/publish/bidInfoDtl.do?bidno=20240639103
20240700508,재단법인전남테크노파크,전남 첨단로봇산업 육성 기본계획 수립 연구용역,45454545,2024-07-01 13:18:42,http://www.g2b.go.kr:8081/ep/invitation/publish/bidInfoDtl.do?bidno=20240700508
20240700514,인천시사회복지협의회,인천광역시 소재 사회복지기관 8개소 정밀안전점검 용역,35636364,2024-07-01 13:26:12,http://www.g2b.go.kr:8081/ep/invitation/publish/bidInfoDtl.do?bidno=20240700514
20240700514,인천시사회복지협의회,인천광역시 소재 사회복지기관 8개소 정밀안전점검 용역,35636364,2024-07-01 13:29:49,http://www.g2b.go.kr:8081/ep/invitation/publish/bidInfoDtl.do?bidno=20240700514
20240700538,한국원자력연구원,한국원자력연구원 선량평가시스템 고도화,42363636,2024-07-01 13:26:17,http://www.g2b.go.kr:8081/ep/invitation/publish/bidInfoDtl.do?bidno=20240700538
20240700537,강원특별자치도 강릉시,2024년 사방댐 정밀점검 용역,54549091,2024-07-01 13:27:51,http://www.g2b.go.kr:8081/ep/invitation/publish/bidInfoDtl.do?bidno=20240700537
20240700542,울산광역시 울주군,평동항 어항개발계획(변경) 수립 재해영향성 검토 용역,33454545,2024-07-01 13:28:30,http://www.g2b.go.kr:8081/ep/invitation/publish/bidInfoDtl.do?bidno=20240700542
20240700546,경상남도 도로관리사업소 진주지소,지1047호선 삼신봉터널 정밀안전점검 용역,36645455,2024-07-01 13:29:39,http://www.g2b.go.kr:8081/ep/invitation/publish/bidInfoDtl.do?bidno=20240700546
20240700549,전라남도 장성군,장성군 읍면 마을안길 등 사유지 실태조사 용역,90471818,2024-07-01 13:30:51,http://www.g2b.go.kr:8081/ep/invitation/publish/bidInfoDtl.do?bidno=20240700549
20240700216,조달청,2024년도 공공기관 개인정보 보호수준 평가 지원,863636364,2024-07-01 13:32:51,http://www.g2b.go.kr:8081/ep/invitation/publish/bidInfoDtl.do?bidno=20240700216
20240700566,국가유산진흥원,제주 삼양일동 1352-1번지 국비지원(진단) 시굴조사 용역,26910000,2024-07-01 13:35:18,http://www.g2b.go.kr:8081/ep/invitation/publish/bidInfoDtl.do?bidno=20240700566
20240700568,강원특별자치도 화천군,(PQ)사창·수밀천 하천재해예방사업 통합건설사업관리용역,2455909091,2024-07-01 13:36:23,http://www.g2b.go.kr:8081/ep/invitation/publish/bidInfoDtl.do?bidno=20240700568
20240700580,울산광역시 울주군,평동항 어항개발계획(변경) 수립 전략환경평가 용역,54090909,2024-07-01 13:40:09,http://www.g2b.go.kr:8081/ep/invitation/publish/bidInfoDtl.do?bidno=20240700580
20240700591,경상남도교육청 경상남도의령교육지원청,[수정]의령교육지원청 빗물이용시설 설치 기계설비 공사 설계 용역,5120910,2024-07-01 13:41:02,http://www.g2b.go.kr:8081/ep/invitation/publish/bidInfoDtl.do?bidno=20240700591
20240700584,서울대학교,2024년도 서울대학교 연구실 정기점검 및 정밀안전진단 용역,97272727,2024-07-01 13:41:10,http://www.g2b.go.kr:8081/ep/invitation/publish/bidInfoDtl.do?bidno=20240700584
20240700609,강원특별자치도 고성군,구국도삼포교 정밀안전진단 용역,26909091,2024-07-01 13:47:15,http://www.g2b.go.kr:8081/ep/invitation/publish/bidInfoDtl.do?bidno=20240700609
20240700117,환경부,2024년 환경부 물재해종합상황실 유지관리용역,117902727,2024-07-01 13:52:20,http://www.g2b.go.kr:8081/ep/invitation/publish/bidInfoDtl.do?bidno=20240700117
20240700628,충청북도,제2차 충청북도 건축자산 진흥 시행계획 수립 용역,181818182,2024-07-01 13:55:11,http://www.g2b.go.kr:8081/ep/invitation/publish/bidInfoDtl.do?bidno=20240700628
20240700210,조달청,자연1호관 개축 건설사업관리 용역,2533600000,2024-07-01 13:56:59,http://www.g2b.go.kr:8081/ep/invitation/publish/bidInfoDtl.do?bidno=20240700210
20240700647,한국농업기술진흥원,농식품 기술평가 핵심변수 현행화 및 업종분류 개선,54545455,2024-07-01 13:57:24,http://www.g2b.go.kr:8081/ep/invitation/publish/bidInfoDtl.do?bidno=20240700647
20240700280,조달청,강릉중앙고 그린스마트스쿨 조성공사 감독권한대행 등 건설사업관리용역,1971180909,2024-07-01 13:57:35,http://www.g2b.go.kr:8081/ep/invitation/publish/bidInfoDtl.do?bidno=20240700280
20240700656,대구광역시달성군체육회,제29회 달성군민의 날 기념 군민체육대회 공개행사 주관 대행용역 입찰공모,77272727,2024-07-01 14:02:28,http://www.g2b.go.kr:8081/ep/invitation/publish/bidInfoDtl.do?bidno=20240700656
20240700662,경기도 고양시,킨텍스 지원부지 도시계획공원 조성사업 기본 및 실시설계용역,72908181,2024-07-01 14:03:10,http://www.g2b.go.kr:8081/ep/invitation/publish/bidInfoDtl.do?bidno=20240700662
20240700632,경상북도 구미시,구평 도시계획도로(소2-480호) 개설공사 폐기물처리 용역,40881818,2024-07-01 14:05:18,http://www.g2b.go.kr:8081/ep/invitation/publish/bidInfoDtl.do?bidno=20240700632
20240700683,울산광역시 울주군,평동항 어항개발계획(변경) 수립 해양공간적합성협의 용역,34181818,2024-07-01 14:06:07,http://www.g2b.go.kr:8081/ep/invitation/publish/bidInfoDtl.do?bidno=20240700683
20240700702,한국철도기술연구원,철도차량용 수소 충전시설 안전관리 및 운영 최적화 용역업무 용역,90000000,2024-07-01 14:10:54,http://www.g2b.go.kr:8081/ep/invitation/publish/bidInfoDtl.do?bidno=20240700702
20240700583,조달청 대전지방조달청,2024년 경제총조사 통합시스템 구축 감리 사업,118181818,2024-07-01 14:10:58,http://www.g2b.go.kr:8081/ep/invitation/publish/bidInfoDtl.do?bidno=20240700583
20240700708,경상북도교육청 경상북도영천교육지원청,영천여자중학교 외부환경개선공사 폐기물처리용역,40450000,2024-07-01 14:13:10,http://www.g2b.go.kr:8081/ep/invitation/publish/bidInfoDtl.do?bidno=20240700708
20240700710,전북특별자치도 정읍시,어린이보호구역 안전통학로 조성사업 실시설계용역,22537273,2024-07-01 14:13:25,http://www.g2b.go.kr:8081/ep/invitation/publish/bidInfoDtl.do?bidno=20240700710
2024070108001,한국가스공사,2024~25년 본사 소방시설 작동점검 및 종합점검 용역,26057385,2024-07-01 14:13:37,http://www.g2b.go.kr:8081/ep/invitation/publish/bidInfoDtl.do?bidno=2024070108001
20240700368,국가보훈부,본부 네트워크 환경 개선,65454545,2024-07-01 14:17:42,http://www.g2b.go.kr:8081/ep/invitation/publish/bidInfoDtl.do?bidno=20240700368
20240700013,대전광역시 서구,2024 정기 위험성평가 용역,19961818,2024-07-01 14:18:52,http://www.g2b.go.kr:8081/ep/invitation/publish/bidInfoDtl.do?bidno=20240700013
20240700687,경상남도 창녕군,교리지구 풍수해생활권 종합정비사업 문화재 시굴 및 표본조사 용역,68140000,2024-07-01 14:21:38,http://www.g2b.go.kr:8081/ep/invitation/publish/bidInfoDtl.do?bidno=20240700687
20240700575,경상북도 칠곡군,북삼읍 생활권 보행환경 종합정비사업 실시설계 용역,176818182,2024-07-01 14:21:59,http://www.g2b.go.kr:8081/ep/invitation/publish/bidInfoDtl.do?bidno=20240700575
20240700577,경기도 광명시,2024 광명시 기후위기 대응 탄소중립 국제포험 행사 대행 용역 제안서 제출 안내 공고(협상),254545455,2024-07-01 14:22:23,http://www.g2b.go.kr:8081/ep/invitation/publish/bidInfoDtl.do?bidno=20240700577
20240700726,경기도 성남시,공단로-사기막 복개구조물 정밀안전점검용역,70503636,2024-07-01 14:22:47,http://www.g2b.go.kr:8081/ep/invitation/publish/bidInfoDtl.do?bidno=20240700726
20240700726,경기도 성남시,공단로-사기막 복개구조물 정밀안전점검용역,70503636,2024-07-01 15:31:32,http://www.g2b.go.kr:8081/ep/invitation/publish/bidInfoDtl.do?bidno=20240700726
20240700746,한국기계연구원,충격시험기 안전성 확보를 위한 시험 인프라 보강,249865480,2024-07-01 14:23:50,http://www.g2b.go.kr:8081/ep/invitation/publish/bidInfoDtl.do?bidno=20240700746
20240700746,한국기계연구원,충격시험기 안전성 확보를 위한 시험 인프라 보강,249865480,2024-07-01 14:34:03,http://www.g2b.go.kr:8081/ep/invitation/publish/bidInfoDtl.do?bidno=20240700746
20240700752,한국농어촌공사 화안사업단,안전대책시설(과속방지턱 외 2건) 설치용역,19010000,2024-07-01 14:24:14,http://www.g2b.go.kr:8081/ep/invitation/publish/bidInfoDtl.do?bidno=20240700752
20240700758,광주과학기술원,어구자동식별 모니터링 시스템 기반  한-베트남 국제 협력 타당성 분석,27272727,2024-07-01 14:25:37,http://www.g2b.go.kr:8081/ep/invitation/publish/bidInfoDtl.do?bidno=20240700758
20240700765,대구공공시설관리공단,지랑1교 등 3개소 정밀안전점검 용역,74400000,2024-07-01 14:29:35,http://www.g2b.go.kr:8081/ep/invitation/publish/bidInfoDtl.do?bidno=20240700765
20240700699,한국농수산식품유통공사,2024년 반려동물 연관산업 맞춤형 정보조사 대행용역,81818182,2024-07-01 14:33:58,http://www.g2b.go.kr:8081/ep/invitation/publish/bidInfoDtl.do?bidno=20240700699
20240638443,조달청 대전지방조달청,안전취약계층 재난·사고 피해 시범조사,136363636,2024-07-01 14:37:19,http://www.g2b.go.kr:8081/ep/invitation/publish/bidInfoDtl.do?bidno=20240638443
20240700799,경상북도 영천시,별빛 프러포즈 탐방로 조성사업 기본 및 실시설계용역,179090909,2024-07-01 14:39:00,http://www.g2b.go.kr:8081/ep/invitation/publish/bidInfoDtl.do?bidno=20240700799
20240700787,부산광역시 금정구,건축공사 안전점검 수행기관 지정 공고(구서동 1026-7번지),6000000,2024-07-01 14:39:51,http://www.g2b.go.kr:8081/ep/invitation/publish/bidInfoDtl.do?bidno=20240700787
20240700812,한국어촌어항공단,2024년 경남 연근해어장 생산성 개선 지원사업 기본조사 및  실시설계용역(4권역),70955455,2024-07-01 14:43:01,http://www.g2b.go.kr:8081/ep/invitation/publish/bidInfoDtl.do?bidno=20240700812
20240700825,서울특별시 노원구,2024년 노원구 도로포장 실태 연구조사 및 도로대장 작성 용역,115136364,2024-07-01 14:46:22,http://www.g2b.go.kr:8081/ep/invitation/publish/bidInfoDtl.do?bidno=20240700825
20240700825,서울특별시 노원구,2024년 노원구 도로포장 실태 연구조사 및 도로대장 작성 용역,115136364,2024-07-01 18:04:37,http://www.g2b.go.kr:8081/ep/invitation/publish/bidInfoDtl.do?bidno=20240700825
20240700837,경상북도 봉화군,가계천 및 창평천 재해복구사업 통합건설사업관리용역(PQ)(긴급),1898181818,2024-07-01 14:47:22,http://www.g2b.go.kr:8081/ep/invitation/publish/bidInfoDtl.do?bidno=20240700837
20240700837,경상북도 봉화군,가계천 및 창평천 재해복구사업 통합건설사업관리용역(PQ)(긴급),1898181818,2024-07-01 15:13:45,http://www.g2b.go.kr:8081/ep/invitation/publish/bidInfoDtl.do?bidno=20240700837
20240700813,해양수산부 부산지방해양수산청 부산항건설사무소,부산항 진해신항 임항도로 건설공사 기본설계용역,409090909,2024-07-01 14:48:19,http://www.g2b.go.kr:8081/ep/invitation/publish/bidInfoDtl.do?bidno=20240700813
20240700847,경기도 안양시,2024년 소규모 공동주택 안전점검 용역,36076364,2024-07-01 14:51:32,http://www.g2b.go.kr:8081/ep/invitation/publish/bidInfoDtl.do?bidno=20240700847
20240700587,경기도 안성시,소액수의 견적제출[2024년 농업용 대형관정 사후관리 및 지하수 영향조사 용역(1구역)],89539091,2024-07-01 14:54:21,http://www.g2b.go.kr:8081/ep/invitation/publish/bidInfoDtl.do?bidno=20240700587
20240700617,경기도 안성시,소액수의 견적제출[2024년 농업용 대형관정 사후관리 및 지하수 영향조사 용역(2구역)],89240909,2024-07-01 14:56:06,http://www.g2b.go.kr:8081/ep/invitation/publish/bidInfoDtl.do?bidno=20240700617
20240700871,강원특별자치도 삼척시,삼척시기록관 시청각기록물 DB구축 및 전수조사 용역,181818182,2024-07-01 14:56:07,http://www.g2b.go.kr:8081/ep/invitation/publish/bidInfoDtl.do?bidno=20240700871
20240700863,한국어촌어항공단,2024년 경북 연근해어장 생산성 개선 지원사업 기본조사 및  실시설계용역(5권역),90643636,2024-07-01 14:57:14,http://www.g2b.go.kr:8081/ep/invitation/publish/bidInfoDtl.do?bidno=20240700863
20240700887,한국건설기술연구원,건설공사 사후평가 활용 고도화 및 시행지침 개정을 위한 메타평가 연구,65631045,2024-07-01 14:57:58,http://www.g2b.go.kr:8081/ep/invitation/publish/bidInfoDtl.do?bidno=20240700887
20240700889,전라북도 남원시,도랑마을 활력센터 조성사업 기본 및 실시설계 용역,79780909,2024-07-01 14:58:05,http://www.g2b.go.kr:8081/ep/invitation/publish/bidInfoDtl.do?bidno=20240700889
20240700631,경기도 안성시,소액수의 견적제출[2024년 농업용 대형관정 사후관리 및 지하수 영향조사 용역(3구역)],89539091,2024-07-01 14:58:26,http://www.g2b.go.kr:8081/ep/invitation/publish/bidInfoDtl.do?bidno=20240700631
20240700904,산림청,중부내륙연계발전지역 산림계획제도 운영을 위한 연구,86363636,2024-07-01 15:03:15,http://www.g2b.go.kr:8081/ep/invitation/publish/bidInfoDtl.do?bidno=20240700904
20240700892,강원특별자치도 양양군,양양관광개발공사 설립 타당성검토 용역,136363636,2024-07-01 15:04:09,http://www.g2b.go.kr:8081/ep/invitation/publish/bidInfoDtl.do?bidno=20240700892
20240700925,산업통상자원부,한-UAE 포괄적 경제동반자 협정(CEPA )영향평가,75454545,2024-07-01 15:07:15,http://www.g2b.go.kr:8081/ep/invitation/publish/bidInfoDtl.do?bidno=20240700925
20240700930,강원특별자치도 삼척시,삼척시 해양심층수 산업클러스터 조성 기본계획 수립 용역,49018182,2024-07-01 15:07:39,http://www.g2b.go.kr:8081/ep/invitation/publish/bidInfoDtl.do?bidno=20240700930
20240700215,조달청,개정분구 하수관거 정비사업 외 2건 통합건설사업관리 용역,4287000000,2024-07-01 15:09:07,http://www.g2b.go.kr:8081/ep/invitation/publish/bidInfoDtl.do?bidno=20240700215
20240700936,정보통신정책연구원,2024년 주요 통신서비스간 대체성 및 이용 현황 분석을 위한 설문조사,50000000,2024-07-01 15:09:49,http://www.g2b.go.kr:8081/ep/invitation/publish/bidInfoDtl.do?bidno=20240700936
E012405868,한국전력공사,345kV 서대구S/S 현대화 관련 전력구공사 감독권한대행 등 건설사업관리용역(PQ),1732950000,2024-07-01 09:25:50,http://www.g2b.go.kr:8081/ep/invitation/publish/bidInfoDtl.do?bidno=E012405868
20240700947,정보통신정책연구원,디지털 전환의 사회 수용성에 대한 대국민 인식조사,27272727,2024-07-01 15:12:50,http://www.g2b.go.kr:8081/ep/invitation/publish/bidInfoDtl.do?bidno=20240700947
20240700544,경기도 군포시,군포시 물 재이용 관리계획(변경) 수립 용역(가격입찰 후 PQ),232874545,2024-07-01 15:14:59,http://www.g2b.go.kr:8081/ep/invitation/publish/bidInfoDtl.do?bidno=20240700544
20240700963,경상북도 영천시,영천시립박물관 건립 설계의도구현 용역,40465455,2024-07-01 15:17:53,http://www.g2b.go.kr:8081/ep/invitation/publish/bidInfoDtl.do?bidno=20240700963
20240632319,대구광역시 도시관리본부,효목고가교 정밀안전진단 용역,88900000,2024-07-01 15:28:51,http://www.g2b.go.kr:8081/ep/invitation/publish/bidInfoDtl.do?bidno=20240632319
20240700629,조달청 인천지방조달청,화학안전 사업장 조성 지원사업 운영지원,109090909,2024-07-01 15:33:52,http://www.g2b.go.kr:8081/ep/invitation/publish/bidInfoDtl.do?bidno=20240700629
20240701015,한국생명공학연구원,2024년 연구실안전 교육용 영상 콘텐츠 제작,23636364,2024-07-01 15:34:03,http://www.g2b.go.kr:8081/ep/invitation/publish/bidInfoDtl.do?bidno=20240701015
20240701010,인천광역시 서구,청라국제도시 심곡천 계류장 설치 기본구상 및 타당성조사 용역,71420000,2024-07-01 15:34:09,http://www.g2b.go.kr:8081/ep/invitation/publish/bidInfoDtl.do?bidno=20240701010
20240701019,경기도 성남시,공단로-사기막 복개구조물 정밀안전점검용역,70503636,2024-07-01 15:36:37,http://www.g2b.go.kr:8081/ep/invitation/publish/bidInfoDtl.do?bidno=20240701019
20240701014,강원특별자치도교육청 강원특별자치도동해교육지원청,송정초 체육관 신축공사 설계용역 소액수의 견적제출 공고,70497273,2024-07-01 15:36:46,http://www.g2b.go.kr:8081/ep/invitation/publish/bidInfoDtl.do?bidno=20240701014
20240701030,한국해양수산개발원,평택당진항 양곡부두(2선석) 민간투자사업 관리이행계획수립을 위한 사업추진방안등 분석,72727273,2024-07-01 15:36:56,http://www.g2b.go.kr:8081/ep/invitation/publish/bidInfoDtl.do?bidno=20240701030
20240701033,충청북도 진천군,2024년 어린이·노인보호구역 실태조사 위탁용역에 따른 소액수의 견적제출 안내 공고,60572727,2024-07-01 15:39:59,http://www.g2b.go.kr:8081/ep/invitation/publish/bidInfoDtl.do?bidno=20240701033
20240701049,경상북도 포항시 푸른도시사업단,[사업수행능력평가서 제출 안내]현내 자연재해위험개선지구 정비사업 건설사업관리용역,1893636364,2024-07-01 15:42:51,http://www.g2b.go.kr:8081/ep/invitation/publish/bidInfoDtl.do?bidno=20240701049
20240701049,경상북도 포항시 푸른도시사업단,(취소)[사업수행능력평가서 제출 안내]현내 자연재해위험개선지구 정비사업 건설사업관리용역,1893636364,2024-07-01 17:26:42,http://www.g2b.go.kr:8081/ep/invitation/publish/bidInfoDtl.do?bidno=20240701049
20240701058,경찰청 경찰대학,24년 경찰대학 여름계절학기 생존수영(수상안전) 교육 용역 (수의시담),17363636,2024-07-01 15:45:51,http://www.g2b.go.kr:8081/ep/invitation/publish/bidInfoDtl.do?bidno=20240701058
20240701067,경상북도 포항시 푸른도시사업단,[사업수행능력평가서 제출 안내]가사 자연재해위험개선지구 정비사업 건설사업관리용역,2441818182,2024-07-01 15:47:26,http://www.g2b.go.kr:8081/ep/invitation/publish/bidInfoDtl.do?bidno=20240701067
20240701067,경상북도 포항시 푸른도시사업단,(취소)[사업수행능력평가서 제출 안내]가사 자연재해위험개선지구 정비사업 건설사업관리용역,2441818182,2024-07-01 17:28:05,http://www.g2b.go.kr:8081/ep/invitation/publish/bidInfoDtl.do?bidno=20240701067
20240636835,한국교직원공제회,한국교직원공제회 출자회사 고객만족도 조사용역,93809091,2024-07-01 15:55:39,http://www.g2b.go.kr:8081/ep/invitation/publish/bidInfoDtl.do?bidno=20240636835
20240639514,전북특별자치도교육청 전북특별자치도익산교육지원청,이리동중 강당 리모델링공사 설계용역,40433636,2024-07-01 16:03:36,http://www.g2b.go.kr:8081/ep/invitation/publish/bidInfoDtl.do?bidno=20240639514
20240701077,광명도시공사,하안동 철골주차장 재건축사업 설계 경제성 등 검토(VE) 용역,79154545,2024-07-01 16:04:48,http://www.g2b.go.kr:8081/ep/invitation/publish/bidInfoDtl.do?bidno=20240701077
2402092,한국토지주택공사,전북권 아파트 재도장공사 물량산출 설계용역,57280000,2024-07-01 16:05:01,http://www.g2b.go.kr:8081/ep/invitation/publish/bidInfoDtl.do?bidno=2402092
20240701122,에너지경제연구원,에너지복지 실태조사 시험조사(1차),136363636,2024-07-01 16:06:02,http://www.g2b.go.kr:8081/ep/invitation/publish/bidInfoDtl.do?bidno=20240701122
20240700767,경기도,덕평~매곡간 도로확포장공사 감독권한대행 등 건설사업관리용역,5727658181,2024-07-01 16:10:15,http://www.g2b.go.kr:8081/ep/invitation/publish/bidInfoDtl.do?bidno=20240700767
20240701110,재단법인 통영한산대첩문화재단,제63회 통영한산대첩축제 행사장 안전관리(경호 및 경비)용역,63636364,2024-07-01 16:12:34,http://www.g2b.go.kr:8081/ep/invitation/publish/bidInfoDtl.do?bidno=20240701110
20240701151,서울특별시 서울시립과학관,현장 교육 공간 디자인 및 설계 용역,18181818,2024-07-01 16:15:00,http://www.g2b.go.kr:8081/ep/invitation/publish/bidInfoDtl.do?bidno=20240701151
20240701133,경상남도 의령군,부림 도시계획도로(소로2-115호선) 개설사업 폐기물처리용역(2차분),127727273,2024-07-01 16:15:14,http://www.g2b.go.kr:8081/ep/invitation/publish/bidInfoDtl.do?bidno=20240701133
20240701102,경기도 경기도건설본부,2024년 포천 삼산교 정밀안전진단 및 내진성능평가 용역,48249091,2024-07-01 16:17:53,http://www.g2b.go.kr:8081/ep/invitation/publish/bidInfoDtl.do?bidno=20240701102
20240701120,경기도 경기도건설본부,2024년 포천 직사교 정밀안전진단 및 내진성능평가 용역,49958182,2024-07-01 16:18:47,http://www.g2b.go.kr:8081/ep/invitation/publish/bidInfoDtl.do?bidno=20240701120
20240701130,경기도 경기도건설본부,2024년 양주 용암4교 정밀안전진단 용역,41541818,2024-07-01 16:19:33,http://www.g2b.go.kr:8081/ep/invitation/publish/bidInfoDtl.do?bidno=20240701130
20240701140,경기도 경기도건설본부,2024년 양주 공릉교 정밀안전진단 용역,49470909,2024-07-01 16:20:18,http://www.g2b.go.kr:8081/ep/invitation/publish/bidInfoDtl.do?bidno=20240701140
20240701168,경기도 성남시,성남시 탄소중립 녹색성장 기본계획 수립 용역(협상에 의한 계약),86670909,2024-07-01 16:20:34,http://www.g2b.go.kr:8081/ep/invitation/publish/bidInfoDtl.do?bidno=20240701168
20240701192,한국농업기술진흥원,안전점검 수행기관 지정 공고(친환경 농기계 부품시험동 건립공사),5636364,2024-07-01 16:30:19,http://www.g2b.go.kr:8081/ep/invitation/publish/bidInfoDtl.do?bidno=20240701192
20240701181,한국농어촌공사 충남지역본부 공주지사,신영2리 취약지역생활여건개조사업 건설폐기물처리 용역,71519364,2024-07-01 16:32:18,http://www.g2b.go.kr:8081/ep/invitation/publish/bidInfoDtl.do?bidno=20240701181
20240701236,농림수산식품교육문화정보원,2024년 귀농귀촌교육 성과평가 및 보조금 회계정산,154545455,2024-07-01 16:32:18,http://www.g2b.go.kr:8081/ep/invitation/publish/bidInfoDtl.do?bidno=20240701236
20240700023,대전광역시 서구,가수원근린공원 복합생활관 건립공사 감독 권한대행 등 건설사업관리용역 (PQ후 가격입찰),1447854545,2024-07-01 16:33:14,http://www.g2b.go.kr:8081/ep/invitation/publish/bidInfoDtl.do?bidno=20240700023
20240701244,경기도 수원시 도시개발국 도시정비과,수원형 골목길 도시재생사업 기본구상 및 디자인 수립 용역,10000000,2024-07-01 16:41:34,http://www.g2b.go.kr:8081/ep/invitation/publish/bidInfoDtl.do?bidno=20240701244
20240700803,조달청,무안초 그린스마트스쿨 본관동 개축공사 감독권한대행 등 건설사업관리용역,1843486364,2024-07-01 16:42:03,http://www.g2b.go.kr:8081/ep/invitation/publish/bidInfoDtl.do?bidno=20240700803
20240700195,주택도시보증공사,주택도시보증공사 업무 관련 감정평가기관 선정,19090909091,2024-07-01 16:49:20,http://www.g2b.go.kr:8081/ep/invitation/publish/bidInfoDtl.do?bidno=20240700195
20240701304,강원특별자치도 강릉시,강릉시 보행안전 및 편의증진 기본계획(3차) 수립 용역,76669091,2024-07-01 16:49:55,http://www.g2b.go.kr:8081/ep/invitation/publish/bidInfoDtl.do?bidno=20240701304
20240701309,한국보건산업진흥원,바이오헬스 신기술 실태조사,36363636,2024-07-01 16:50:09,http://www.g2b.go.kr:8081/ep/invitation/publish/bidInfoDtl.do?bidno=20240701309
20240701296,충청북도 청주시,2024년 급수구역 확대사업 건설사업관리용역 집행계획(PQ포함) 및 가격입찰 공고(긴급),465500000,2024-07-01 16:58:35,http://www.g2b.go.kr:8081/ep/invitation/publish/bidInfoDtl.do?bidno=20240701296
20240701340,한국생산기술연구원,제조 데이터 관리 플랫폼 설계,52500000,2024-07-01 17:01:41,http://www.g2b.go.kr:8081/ep/invitation/publish/bidInfoDtl.do?bidno=20240701340
20240701346,질병관리청 국립보건연구원,[일반용역] 백신 효용성 평가 방법 및 변종 대응 예측 시스템 개발,90000000,2024-07-01 17:02:17,http://www.g2b.go.kr:8081/ep/invitation/publish/bidInfoDtl.do?bidno=20240701346
20240701343,충청남도 부여군,2024년 부여군 왕포배수펌프장 전기안전 및 운영관리 용역,38290000,2024-07-01 17:03:10,http://www.g2b.go.kr:8081/ep/invitation/publish/bidInfoDtl.do?bidno=20240701343
20240700966,인천광역시 서구,사업수행능력평가서 제출안내-서구 자원순환센터 건립사업 타당성 조사 및 기본계획 수립 용역,756880000,2024-07-01 17:04:43,http://www.g2b.go.kr:8081/ep/invitation/publish/bidInfoDtl.do?bidno=20240700966
20240701333,강원특별자치도 양양군,양양군 설악산 오색삭도 설치공사 건설사업관리용역(PQ)[긴급],5626363636,2024-07-01 17:05:31,http://www.g2b.go.kr:8081/ep/invitation/publish/bidInfoDtl.do?bidno=20240701333
20240639551,인천광역시 계양구,계양3동 실내체육시설 감독권한대행 등 건설사업관리용역(PQ 후 지명경쟁),1800700000,2024-07-01 17:06:26,http://www.g2b.go.kr:8081/ep/invitation/publish/bidInfoDtl.do?bidno=20240639551
20240701375,경기도 의왕시,포일근린공원 건축물 증축공사 실시설계 용역,48730000,2024-07-01 17:10:06,http://www.g2b.go.kr:8081/ep/invitation/publish/bidInfoDtl.do?bidno=20240701375
20240701063,광주광역시교육청 광주광역시서부교육지원청,광주서초 등 4교 급식조리실 환기설비개선 기계설비공사 설계용역 수의계약 안내공고,22760000,2024-07-01 17:11:21,http://www.g2b.go.kr:8081/ep/invitation/publish/bidInfoDtl.do?bidno=20240701063
20240701074,광주광역시교육청 광주광역시서부교육지원청,광주서초 등 4교 급식조리실 환기설비개선 전기공사 설계용역 수의계약 안내공고,8290000,2024-07-01 17:12:06,http://www.g2b.go.kr:8081/ep/invitation/publish/bidInfoDtl.do?bidno=20240701074
20240701370,해양환경공단,2024년 하반기 해양환경공단 직원 채용대행,102572727,2024-07-01 17:12:06,http://www.g2b.go.kr:8081/ep/invitation/publish/bidInfoDtl.do?bidno=20240701370
20240701395,경상북도 영주시,영주시 공간환경전략계획 수립용역,272727273,2024-07-01 17:15:57,http://www.g2b.go.kr:8081/ep/invitation/publish/bidInfoDtl.do?bidno=20240701395
20240639493,경기도교육청 경기도구리남양주교육지원청,도심초 외부환경개선공사 건설폐기물처리용역,31020000,2024-07-01 17:18:13,http://www.g2b.go.kr:8081/ep/invitation/publish/bidInfoDtl.do?bidno=20240639493
20240701107,대구공공시설관리공단,2024년 공단 업무용 차량(환경사업) 종합보험 가입,26622680,2024-07-01 17:24:47,http://www.g2b.go.kr:8081/ep/invitation/publish/bidInfoDtl.do?bidno=20240701107
20240700421,경기도 의왕시,고천 공영차고지 도시관리계획 결정(변경) 용역,82272727,2024-07-01 17:26:12,http://www.g2b.go.kr:8081/ep/invitation/publish/bidInfoDtl.do?bidno=20240700421
20240700873,(사)생명의숲,기후위기 대응과 재난안전 관리를 위한 산림생태환경 복원사업_산불 예방 교육 용역 입찰 공고,53813636,2024-07-01 17:26:16,http://www.g2b.go.kr:8081/ep/invitation/publish/bidInfoDtl.do?bidno=20240700873
20240700603,경기도 의왕시,고천 공영차고지 기본 및 실시설계 용역,53636364,2024-07-01 17:28:19,http://www.g2b.go.kr:8081/ep/invitation/publish/bidInfoDtl.do?bidno=20240700603
20240701439,전라남도,국지도 55호선 땀재터널(상) 등 3개소 정밀안전점검용역,33300000,2024-07-01 17:28:30,http://www.g2b.go.kr:8081/ep/invitation/publish/bidInfoDtl.do?bidno=20240701439
20240701438,한국원자력통제기술원,경수형 SMR 물리적방호를 위한 표준설계 내 침입차단체계에 관한 심사지침 개발,90909091,2024-07-01 17:28:36,http://www.g2b.go.kr:8081/ep/invitation/publish/bidInfoDtl.do?bidno=20240701438
20240701449,전라남도,지방도 865호선 봉강터널 등 4개소 정밀안전점검용역,72200000,2024-07-01 17:30:43,http://www.g2b.go.kr:8081/ep/invitation/publish/bidInfoDtl.do?bidno=20240701449
20240701443,재단법인 대구테크노파크,2024년 대구기업패널정기조사 용역,75416997,2024-07-01 17:32:27,http://www.g2b.go.kr:8081/ep/invitation/publish/bidInfoDtl.do?bidno=20240701443
20240700928,전북특별자치도 익산시,익산시 생태힐링 에코캠핑 삼천리길 노선측량 및 조성계획 수립용역,112880000,2024-07-01 17:33:40,http://www.g2b.go.kr:8081/ep/invitation/publish/bidInfoDtl.do?bidno=20240700928
20240701043,전북특별자치도교육청 전북특별자치도정읍교육지원청,"정일중 창고, 합숙소 철거 및 기타공사 건설계기물처리용역",27814545,2024-07-01 17:41:06,http://www.g2b.go.kr:8081/ep/invitation/publish/bidInfoDtl.do?bidno=20240701043
20240700668,조달청,2024 학교복합시설 활성화 지원 사업 학교복합시설 선진사례 조사 용역,224545455,2024-07-01 17:41:12,http://www.g2b.go.kr:8081/ep/invitation/publish/bidInfoDtl.do?bidno=20240700668
20240701487,한국원자력안전기술원,연구동 실험실 리모델링 설계용역,18691818,2024-07-01 17:42:01,http://www.g2b.go.kr:8081/ep/invitation/publish/bidInfoDtl.do?bidno=20240701487
20240701487,한국원자력안전기술원,연구동 실험실 리모델링 설계용역,18691818,2024-07-01 17:51:04,http://www.g2b.go.kr:8081/ep/invitation/publish/bidInfoDtl.do?bidno=20240701487
20240701486,한국농어촌공사 강원지역본부,강원 곤충산업 거점단지 조성사업 소규모환경영향평가 용역,42727273,2024-07-01 17:42:22,http://www.g2b.go.kr:8081/ep/invitation/publish/bidInfoDtl.do?bidno=20240701486
20240701227,조달청,송곡은행나무창작마루 조성사업 리모델링공사 감독권한대행 등 건설사업관리용역,1236679090,2024-07-01 17:42:42,http://www.g2b.go.kr:8081/ep/invitation/publish/bidInfoDtl.do?bidno=20240701227
20240701060,전북특별자치도교육청 전북특별자치도정읍교육지원청,칠보중 본관 교사수선 및 외부환경 개선공사 폐기물처리용역,45340000,2024-07-01 17:44:04,http://www.g2b.go.kr:8081/ep/invitation/publish/bidInfoDtl.do?bidno=20240701060
20240701502,한국농어촌공사 경북지역본부,안계단북지구 가뭄대책사업 세부설계 용역,175074545,2024-07-01 17:45:15,http://www.g2b.go.kr:8081/ep/invitation/publish/bidInfoDtl.do?bidno=20240701502
20240701505,경상북도 포항시 푸른도시사업단,[사업수행능력평가서 제출 안내]자호 자연재해위험개선지구 정비사업 건설사업관리용역,1893636364,2024-07-01 17:46:01,http://www.g2b.go.kr:8081/ep/invitation/publish/bidInfoDtl.do?bidno=20240701505
20240701505,경상북도 포항시 푸른도시사업단,[사업수행능력평가서 제출 안내]현내 자연재해위험개선지구 정비사업 건설사업관리용역,1893636364,2024-07-01 17:50:13,http://www.g2b.go.kr:8081/ep/invitation/publish/bidInfoDtl.do?bidno=20240701505
20240701239,부산광역시,제3차 부산형 공유경제 기본계획 수립 연구용역,36363636,2024-07-01 17:46:57,http://www.g2b.go.kr:8081/ep/invitation/publish/bidInfoDtl.do?bidno=20240701239
20240700971,한국어촌어항공단,2024년 연근해어장 생산성 개선 지원사업 순환관리 시범사업 기본조사 및  설계용역,222937273,2024-07-01 17:49:46,http://www.g2b.go.kr:8081/ep/invitation/publish/bidInfoDtl.do?bidno=20240700971
20240701521,한국농어촌공사 강원지역본부,홍천 양덕원천 생태하천복원사업 하천퇴적토 토양오염조사 용역,6500000,2024-07-01 17:52:12,http://www.g2b.go.kr:8081/ep/invitation/publish/bidInfoDtl.do?bidno=20240701521
20240701528,(주)대우건설,기본 및 실시설계 문서관리시스템(DCS) 위탁 운영,24000000,2024-07-01 17:55:21,http://www.g2b.go.kr:8081/ep/invitation/publish/bidInfoDtl.do?bidno=20240701528
20240701529,한국환경공단,지하역사 공기청정기 성능점검 조사,45454545,2024-07-01 17:56:29,http://www.g2b.go.kr:8081/ep/invitation/publish/bidInfoDtl.do?bidno=20240701529
20240701564,충청남도 천안시,성정동 가구웨딩특화거리 활성화 사업 실시설계용역,87650000,2024-07-01 18:07:05,http://www.g2b.go.kr:8081/ep/invitation/publish/bidInfoDtl.do?bidno=20240701564
20240701566,전라남도 영광군,매산 자연재해위험개선지구 정비사업 전략 및 소규모환경영향평가용역,170600000,2024-07-01 18:07:06,http://www.g2b.go.kr:8081/ep/invitation/publish/bidInfoDtl.do?bidno=20240701566
20240701420,전라남도 영암군,학산 독천 낙지거리 보행환경 조성사업 폐기물처리용역,88950000,2024-07-01 18:07:42,http://www.g2b.go.kr:8081/ep/invitation/publish/bidInfoDtl.do?bidno=20240701420
20240701575,전북특별자치도 군산시,군경합동묘지(장사시설) 확장공사 안전점검 수행기관 지정 공고,14179030,2024-07-01 18:11:20,http://www.g2b.go.kr:8081/ep/invitation/publish/bidInfoDtl.do?bidno=20240701575
20240701001,한국과학창의재단,2024년 과학실험실 안전관리 영상 제작 용역,100000000,2024-07-01 18:17:53,http://www.g2b.go.kr:8081/ep/invitation/publish/bidInfoDtl.do?bidno=20240701001
20240701594,충청남도 천안시,천안 에코밸리일반산업단지 진입도로 타당성조사 용역,76936364,2024-07-01 18:18:35,http://www.g2b.go.kr:8081/ep/invitation/publish/bidInfoDtl.do?bidno=20240701594
20240701595,중소기업중앙회,스마트워크플레이스 환경 조성을 위한 Enterprise Portal 구축,1318584545,2024-07-01 18:18:59,http://www.g2b.go.kr:8081/ep/invitation/publish/bidInfoDtl.do?bidno=20240701595
20240701590,국민건강보험공단,검진환경 변화에 따른 검진기관 지정기준 적정성 평가연구,90909091,2024-07-01 18:19:11,http://www.g2b.go.kr:8081/ep/invitation/publish/bidInfoDtl.do?bidno=20240701590
20240701607,광주광역시,2024년 교통관련 기초조사,181818182,2024-07-01 18:24:44,http://www.g2b.go.kr:8081/ep/invitation/publish/bidInfoDtl.do?bidno=20240701607
20240701602,한국산업인력공단,2024년 과정평가형 국가기술자격 신규종목 파일럿테스트 수행 용역,97272727,2024-07-01 18:30:57,http://www.g2b.go.kr:8081/ep/invitation/publish/bidInfoDtl.do?bidno=20240701602
20240701621,한국식품안전관리인증원,음식점 위생등급제 동향분석 및 정책개선 연구·조사 사업,27272727,2024-07-01 18:34:38,http://www.g2b.go.kr:8081/ep/invitation/publish/bidInfoDtl.do?bidno=20240701621
20240700234,수도권매립지관리공사,수도권매립지 드림파크CC 클럽하우스 보수공사 실시설계 용역,23420000,2024-07-01 18:34:40,http://www.g2b.go.kr:8081/ep/invitation/publish/bidInfoDtl.do?bidno=20240700234
20240700957,우체국물류지원단,디지털플랫폼정부 구현을 위한 추진전략 체계 및 계획 수립 연구용역,18268506,2024-07-01 18:35:16,http://www.g2b.go.kr:8081/ep/invitation/publish/bidInfoDtl.do?bidno=20240700957
20240701584,김포골드라인운영(주),2024년 김포골드라인 토목시설물(1종) 정밀안전점검 용역,544860000,2024-07-01 18:41:27,http://www.g2b.go.kr:8081/ep/invitation/publish/bidInfoDtl.do?bidno=20240701584
20240701651,충청북도 청남대관리사업소,청남대 도시관리계획(도시계획시설 문화시설) 결정에 따른 재해영향성 검토 용역,36363636,2024-07-01 18:57:07,http://www.g2b.go.kr:8081/ep/invitation/publish/bidInfoDtl.do?bidno=20240701651
20240701675,한국농어촌공사 강원지역본부 홍천.춘천지사,양구 어도개보수사업 실시설계 및 인허가 용역,6884545,2024-07-01 19:25:33,http://www.g2b.go.kr:8081/ep/invitation/publish/bidInfoDtl.do?bidno=20240701675
20240701677,경상남도 거제시,거제시 농어촌도로 기본계획(변경) 및 정비계획 수립용역,246000000,2024-07-01 19:28:06,http://www.g2b.go.kr:8081/ep/invitation/publish/bidInfoDtl.do?bidno=20240701677
20240639461,경상북도교육청 경상북도상주교육지원청,낙서초등학교 급식소 증축공사 설계용역,44570909,2024-07-01 19:29:46,http://www.g2b.go.kr:8081/ep/invitation/publish/bidInfoDtl.do?bidno=20240639461
20240639463,경상북도교육청 경상북도상주교육지원청,낙서초등학교 급식소 증축 기계설비 설계용역,21607273,2024-07-01 19:32:04,http://www.g2b.go.kr:8081/ep/invitation/publish/bidInfoDtl.do?bidno=20240639463
20240639464,경상북도교육청 경상북도상주교육지원청,낙서초등학교 급식소 증축 전기 설계용역,14180909,2024-07-01 19:33:58,http://www.g2b.go.kr:8081/ep/invitation/publish/bidInfoDtl.do?bidno=20240639464
20240701688,충청북도 청주시,시내버스 경영 및 서비스 평가 용역,45454545,2024-07-01 19:34:26,http://www.g2b.go.kr:8081/ep/invitation/publish/bidInfoDtl.do?bidno=20240701688
20240701699,경상남도교육청 경상남도창원교육지원청,창원신월고 외 2교 환경개선 전기공사 설계용역 수의계약 안내공고,17871818,2024-07-01 19:45:37,http://www.g2b.go.kr:8081/ep/invitation/publish/bidInfoDtl.do?bidno=20240701699
20240701698,경기도 여주시,강천 걸은 일반산업단지 조성사업 전략환경영향평가 용역,86545455,2024-07-01 19:49:48,http://www.g2b.go.kr:8081/ep/invitation/publish/bidInfoDtl.do?bidno=20240701698
20240701640,경상남도 고성군,동진대교 경관조명 설치사업 실시설계 용역,22386364,2024-07-01 20:05:02,http://www.g2b.go.kr:8081/ep/invitation/publish/bidInfoDtl.do?bidno=20240701640
20240701713,경기도 여주시,강천 걸은 일반산업단지 조성사업 재해영향평가 용역,75000000,2024-07-01 20:08:37,http://www.g2b.go.kr:8081/ep/invitation/publish/bidInfoDtl.do?bidno=20240701713
20240701728,울산광역시,도로변 시간제 주차허용 지정검토 및 설계용역,63636364,2024-07-01 20:12:09,http://www.g2b.go.kr:8081/ep/invitation/publish/bidInfoDtl.do?bidno=20240701728
20240701650,경상남도 고성군,힐링공원 속 어린이도서관 인테리어 실시설계 용역,44545455,2024-07-01 20:12:13,http://www.g2b.go.kr:8081/ep/invitation/publish/bidInfoDtl.do?bidno=20240701650
20240701213,경상남도 거제시,동부 산양지구 급경사지 붕괴위험지역 정비사업 지반조사용역,26334000,2024-07-01 20:14:45,http://www.g2b.go.kr:8081/ep/invitation/publish/bidInfoDtl.do?bidno=20240701213
U24S110000,한국수력원자력주식회사,"한울3,4호기 터빈로터 건전성평가 용역",0,2024-07-01 16:30:00,http://www.g2b.go.kr:8081/ep/invitation/publish/bidInfoDtl.do?bidno=U24S110000
E24S086000,한국수력원자력주식회사,100kW급 수전해 부하추종 성능 개선 설계 용역,0,2024-07-01 16:30:00,http://www.g2b.go.kr:8081/ep/invitation/publish/bidInfoDtl.do?bidno=E24S086000
20240701786,광주광역시,광주광역시 비점오염원관리대책 2023년 시행계획 이행평가,90909091,2024-07-01 21:39:31,http://www.g2b.go.kr:8081/ep/invitation/publish/bidInfoDtl.do?bidno=20240701786
20240700033,조달청,군산시 해상풍력 발전단지 기본계획 용역,1545454545,2024-07-02 07:56:26,http://www.g2b.go.kr:8081/ep/invitation/publish/bidInfoDtl.do?bidno=20240700033
20240639170,충청남도 계룡시,계룡시 도로건설 관리계획 및 농어촌도로 기본·정비계획 수립 용역,175318182,2024-07-02 08:23:02,http://www.g2b.go.kr:8081/ep/invitation/publish/bidInfoDtl.do?bidno=20240639170
20240701738,농촌진흥청,농업 에너지 이용현황 조사 방법론 및 국가승인통계 기반 정립 용역,45454545,2024-07-02 08:43:17,http://www.g2b.go.kr:8081/ep/invitation/publish/bidInfoDtl.do?bidno=20240701738
20240701832,한국불교문화사업단,한국사찰음식문화체험관 인테리어 설계 및 시공 일괄용역 선정 공고,90909091,2024-07-02 08:50:20,http://www.g2b.go.kr:8081/ep/invitation/publish/bidInfoDtl.do?bidno=20240701832
20240636792,충청북도교육청 충청북도음성교육지원청,2024년 하반기 대소유 외 12교 제3종시설물 정기안전점검용역 수의견적공고,58990000,2024-07-02 09:00:09,http://www.g2b.go.kr:8081/ep/invitation/publish/bidInfoDtl.do?bidno=20240636792
20240636414,국토교통부 서울지방국토관리청 수원국토관리사무소,관내 지하차도 수배전반 이설공사 실시설계용역,20000000,2024-07-02 09:00:32,http://www.g2b.go.kr:8081/ep/invitation/publish/bidInfoDtl.do?bidno=20240636414
20240636775,충청북도교육청 충청북도음성교육지원청,2024년 하반기 남신초 외 7교 및 1기관 제3종시설물 정기안전점검 용역 수의견적공고,42120000,2024-07-02 09:01:24,http://www.g2b.go.kr:8081/ep/invitation/publish/bidInfoDtl.do?bidno=20240636775
20240636762,충청북도교육청 충청북도음성교육지원청,2024년 하반기 무극초 외 9교 및 1기관 제3종시설물 정기안전점검용역 수의견적공고,36900000,2024-07-02 09:02:37,http://www.g2b.go.kr:8081/ep/invitation/publish/bidInfoDtl.do?bidno=20240636762
20240700912,경기도 수원시,2024년 소규모 공동주택 안전점검 용역,40900000,2024-07-02 09:03:32,http://www.g2b.go.kr:8081/ep/invitation/publish/bidInfoDtl.do?bidno=20240700912
20240701846,(재)광주테크노파크,광주지역 연구장비 통합실태 조사분석 용역,32909091,2024-07-02 09:04:45,http://www.g2b.go.kr:8081/ep/invitation/publish/bidInfoDtl.do?bidno=20240701846
20240701791,경상남도 창원시 상수도사업소,창원시 송수관로 복선화사업 실시설계용역 사업수행능력평가자료(PQ) 제출안내,338272727,2024-07-02 09:05:13,http://www.g2b.go.kr:8081/ep/invitation/publish/bidInfoDtl.do?bidno=20240701791
20240701746,대구광역시교육청,"성산고등학교 외 2교(학남고, 함지고) 환경개선공사 설계용역",20340000,2024-07-02 09:06:01,http://www.g2b.go.kr:8081/ep/invitation/publish/bidInfoDtl.do?bidno=20240701746
20240700755,경기도 수원시,2024년 수원시 노인보호구역 실태조사 용역,34027273,2024-07-02 09:06:51,http://www.g2b.go.kr:8081/ep/invitation/publish/bidInfoDtl.do?bidno=20240700755
B5202402135,한국수자원공사,포항공업용수도 관로시설 개량사업(1) 2차 시설공사 사후평가 용역,113984680,2024-07-02 16:00:00,http://www.g2b.go.kr:8081/ep/invitation/publish/bidInfoDtl.do?bidno=B5202402135
20240701838,서울특별시교육청 서울특별시강동송파교육지원청 강빛중학교,2024학년도 강빛초중이음학교 전기안전관리자 상주용역 2인 이상 견적제출 공고,33807682,2024-07-02 09:13:28,http://www.g2b.go.kr:8081/ep/invitation/publish/bidInfoDtl.do?bidno=20240701838
20240701035,조달청 인천지방조달청,전기·LPG 화물차 생애주기 환경편익 분석 및 인증제도 개선 방안 마련 연구,118181818,2024-07-02 09:14:21,http://www.g2b.go.kr:8081/ep/invitation/publish/bidInfoDtl.do?bidno=20240701035
20240701002,국립공원공단 새만금 환경생태단지 관리단,2024년 새만금환경생태단지 지주목 관리 용역,18181818,2024-07-02 09:16:16,http://www.g2b.go.kr:8081/ep/invitation/publish/bidInfoDtl.do?bidno=20240701002
20240701884,한국농어촌공사 충북지역본부 보은지사,이식1지구 농어촌취약지역 생활여건개조사업 석면해체 및 처리용역,4470000,2024-07-02 09:23:12,http://www.g2b.go.kr:8081/ep/invitation/publish/bidInfoDtl.do?bidno=20240701884
20240701898,전라남도교육청,강진중 그린스마트스쿨 개축공사 건축 설계공모,301506364,2024-07-02 09:29:01,http://www.g2b.go.kr:8081/ep/invitation/publish/bidInfoDtl.do?bidno=20240701898
20240701900,경기도 수원시,수원시 상수도관망 기술진단·블록시스템 정비 용역 사업수행능력평가서 제출 공고,4589160909,2024-07-02 09:29:28,http://www.g2b.go.kr:8081/ep/invitation/publish/bidInfoDtl.do?bidno=20240701900
20240701909,경상남도 도로관리사업소,개곡교 정밀안전진단용역,93646364,2024-07-02 09:32:48,http://www.g2b.go.kr:8081/ep/invitation/publish/bidInfoDtl.do?bidno=20240701909
20240701908,한국농어촌공사,영산강 Ⅳ지구 대단위농업개발사업 3-2공구 설계안전검토 용역,51450000,2024-07-02 09:33:58,http://www.g2b.go.kr:8081/ep/invitation/publish/bidInfoDtl.do?bidno=20240701908
20240701925,경상북도 칠곡군 농업기술센터,농촌유휴시설활용 지역활성화사업 실시설계용역 입찰공고,32363636,2024-07-02 09:40:25,http://www.g2b.go.kr:8081/ep/invitation/publish/bidInfoDtl.do?bidno=20240701925
MHD0051,,특수작전용대형기동헬기 기종결정 평가방안 연구,,2024-06-18 00:00:00,http://www.g2b.go.kr:8081/ep/invitation/publish/bidInfoDtl.do?bidno=MHD0051
LNG0049,,00부대 설계용역(24-북-171),,,http://www.g2b.go.kr:8081/ep/invitation/publish/bidInfoDtl.do?bidno=LNG0049
LHQ0169,,식당 환기시설 개선 설계용역,,2024-06-26 00:00:00,http://www.g2b.go.kr:8081/ep/invitation/publish/bidInfoDtl.do?bidno=LHQ0169
MCS0082,,24-계-01 계룡대 개발제한구역 관리계획 수립용역,,2024-06-25 00:00:00,http://www.g2b.go.kr:8081/ep/invitation/publish/bidInfoDtl.do?bidno=MCS0082
MDR0019,,병영생활관 리모델링 설계용역,,2024-05-27 00:00:00,http://www.g2b.go.kr:8081/ep/invitation/publish/bidInfoDtl.do?bidno=MDR0019
MDR0020,,병영생활관 리모델링 설계용역,,2024-05-28 00:00:00,http://www.g2b.go.kr:8081/ep/invitation/publish/bidInfoDtl.do?bidno=MDR0020
MDR0020,,병영생활관 리모델링 설계용역,,2024-05-28 00:00:00,http://www.g2b.go.kr:8081/ep/invitation/publish/bidInfoDtl.do?bidno=MDR0020
MDR0021,,병영생활관 리모델링 설계용역,,2024-05-29 00:00:00,http://www.g2b.go.kr:8081/ep/invitation/publish/bidInfoDtl.do?bidno=MDR0021
UMM0327,,24-D-00아파트 리모델링 설계용역(B009),,2024-05-03 00:00:00,http://www.g2b.go.kr:8081/ep/invitation/publish/bidInfoDtl.do?bidno=UMM0327
UMM0561,,24-F-00대대 창고 신축공사 건설사업관리용역(D018),,2024-06-03 00:00:00,http://www.g2b.go.kr:8081/ep/invitation/publish/bidInfoDtl.do?bidno=UMM0561
UMM0489,,24-D-00콘도 환경개선공사 설계용역(B010),,2024-05-28 00:00:00,http://www.g2b.go.kr:8081/ep/invitation/publish/bidInfoDtl.do?bidno=UMM0489
UMM0625,,24-N-숙소 리모델링 등 2건 건설사업관리용역(C037),,2024-06-05 00:00:00,http://www.g2b.go.kr:8081/ep/invitation/publish/bidInfoDtl.do?bidno=UMM0625
UMM0357,,24-D-00부대 설계용역(B587),,2024-05-13 00:00:00,http://www.g2b.go.kr:8081/ep/invitation/publish/bidInfoDtl.do?bidno=UMM0357
MDR0021,,병영생활관 리모델링 설계용역,,2024-05-29 00:00:00,http://www.g2b.go.kr:8081/ep/invitation/publish/bidInfoDtl.do?bidno=MDR0021
SCN0074,,24-진-17 00사 내진성능평가용역,,,http://www.g2b.go.kr:8081/ep/invitation/publish/bidInfoDtl.do?bidno=SCN0074
MDR0019,,병영생활관 리모델링 설계용역,,2024-05-27 00:00:00,http://www.g2b.go.kr:8081/ep/invitation/publish/bidInfoDtl.do?bidno=MDR0019
MDR0023,,병영생활관 리모델링 설계용역,,2024-05-29 00:00:00,http://www.g2b.go.kr:8081/ep/invitation/publish/bidInfoDtl.do?bidno=MDR0023
